metric,value
precision,1.0
recall_sensitivity,0.5570996978851964
f1,0.7155607295304619
kappa,0.5527336353188359
auc,0.9603446906820836
accuracy,0.7746695358130956
