metric,value
precision,1.0
recall_sensitivity,0.5776435045317221
f1,0.7322864802757565
kappa,0.5733248542986473
auc,0.9842268848144772
accuracy,0.7851214263756533
