metric,value
precision,0.9969650986342944
recall_sensitivity,0.3969788519637462
f1,0.567847882454624
kappa,0.3915249697352413
auc,0.902755710499151
accuracy,0.6925914540424224
