metric,value
precision,1.0
recall_sensitivity,0.4984894259818731
f1,0.6653225806451614
kappa,0.4940702945083938
auc,0.9562606581489701
accuracy,0.7448509068552106
