metric,value
precision,1.0
recall_sensitivity,0.683987915407855
f1,0.8123430211697166
kappa,0.6801545573377605
auc,0.9389005894830774
accuracy,0.8392253304641869
