metric,value
precision,1.0
recall_sensitivity,0.7262839879154078
f1,0.8414420721036052
kappa,0.7227557339788279
auc,0.9665261334976879
accuracy,0.8607439286812173
