metric,value
precision,0.9969818913480886
recall_sensitivity,0.5987915407854985
f1,0.7482068705171763
kappa,0.5926923627811755
auc,0.9749119934661529
accuracy,0.7949584998462957
