metric,value
precision,1.0
recall_sensitivity,0.43021148036253776
f1,0.6016054076890579
kappa,0.4258836251628493
auc,0.9005679304568777
accuracy,0.7101137411620043
