metric,value
precision,1.0
recall_sensitivity,0.29003021148036257
f1,0.44964871194379397
kappa,0.286403720440486
auc,0.8894070760656259
accuracy,0.6387949584998462
