metric,value
precision,0.9977989728539985
recall_sensitivity,0.8217522658610272
f1,0.9012591119946985
kappa,0.817303125654916
auc,0.9884039339204217
accuracy,0.9083922533046419
