metric,value
precision,0.9990234375
recall_sensitivity,0.6181268882175227
f1,0.7637178051511758
kappa,0.613330549164214
auc,0.9355656050425571
accuracy,0.8054103904088533
