metric,value
precision,1.0
recall_sensitivity,0.44833836858006043
f1,0.6191072173550272
kappa,0.44397024686876385
auc,0.9620738158347482
accuracy,0.7193359975407316
