metric,value
precision,0.9989878542510121
recall_sensitivity,0.5963746223564955
f1,0.7468785471055619
kappa,0.5914972766259858
auc,0.9538883574256339
accuracy,0.7943436827543806
